driving_model,scenario,is_test,file_glob,source,members_used
ACCESS-CM2,ssp585,True,data_DAT_ACCESS-CM2_ssp585_*.h5,"CMIP6 ESGF (driving ESM) regridded 1deg->HEALPix nside64, affine-normalized",<=1 (--max-files 1)
ACCESS-ESM1-5,ssp585,True,data_DAT_ACCESS-ESM1-5_ssp585_*.h5,"CMIP6 ESGF (driving ESM) regridded 1deg->HEALPix nside64, affine-normalized",<=1 (--max-files 1)
CanESM5,ssp585,True,data_DAT_CanESM5_ssp585_*.h5,"CMIP6 ESGF (driving ESM) regridded 1deg->HEALPix nside64, affine-normalized",<=1 (--max-files 1)
CanESM5-1,ssp585,True,data_DAT_CanESM5-1_ssp585_*.h5,"CMIP6 ESGF (driving ESM) regridded 1deg->HEALPix nside64, affine-normalized",<=1 (--max-files 1)
CanESM5-CanOE,ssp585,True,data_DAT_CanESM5-CanOE_ssp585_*.h5,"CMIP6 ESGF (driving ESM) regridded 1deg->HEALPix nside64, affine-normalized",<=1 (--max-files 1)
CESM2,ssp585,True,data_DAT_CESM2_ssp585_*.h5,"CMIP6 ESGF (driving ESM) regridded 1deg->HEALPix nside64, affine-normalized",<=1 (--max-files 1)
CESM2-WACCM,ssp585,True,data_DAT_CESM2-WACCM_ssp585_*.h5,"CMIP6 ESGF (driving ESM) regridded 1deg->HEALPix nside64, affine-normalized",<=1 (--max-files 1)
EC-Earth3,ssp585,True,data_DAT_EC-Earth3_ssp585_*.h5,"CMIP6 ESGF (driving ESM) regridded 1deg->HEALPix nside64, affine-normalized",<=1 (--max-files 1)
EC-Earth3-CC,ssp585,True,data_DAT_EC-Earth3-CC_ssp585_*.h5,"CMIP6 ESGF (driving ESM) regridded 1deg->HEALPix nside64, affine-normalized",<=1 (--max-files 1)
EC-Earth3-Veg,ssp585,True,data_DAT_EC-Earth3-Veg_ssp585_*.h5,"CMIP6 ESGF (driving ESM) regridded 1deg->HEALPix nside64, affine-normalized",<=1 (--max-files 1)
EC-Earth3-Veg-LR,ssp585,True,data_DAT_EC-Earth3-Veg-LR_ssp585_*.h5,"CMIP6 ESGF (driving ESM) regridded 1deg->HEALPix nside64, affine-normalized",<=1 (--max-files 1)
FGOALS-g3,ssp585,True,data_DAT_FGOALS-g3_ssp585_*.h5,"CMIP6 ESGF (driving ESM) regridded 1deg->HEALPix nside64, affine-normalized",<=1 (--max-files 1)
GFDL-CM4,ssp585,True,data_DAT_GFDL-CM4_ssp585_*.h5,"CMIP6 ESGF (driving ESM) regridded 1deg->HEALPix nside64, affine-normalized",<=1 (--max-files 1)
GFDL-ESM4,ssp585,True,data_DAT_GFDL-ESM4_ssp585_*.h5,"CMIP6 ESGF (driving ESM) regridded 1deg->HEALPix nside64, affine-normalized",<=1 (--max-files 1)
GISS-E2-1-G,ssp585,True,data_DAT_GISS-E2-1-G_ssp585_*.h5,"CMIP6 ESGF (driving ESM) regridded 1deg->HEALPix nside64, affine-normalized",<=1 (--max-files 1)
GISS-E2-1-H,ssp585,True,data_DAT_GISS-E2-1-H_ssp585_*.h5,"CMIP6 ESGF (driving ESM) regridded 1deg->HEALPix nside64, affine-normalized",<=1 (--max-files 1)
GISS-E2-2-G,ssp585,True,data_DAT_GISS-E2-2-G_ssp585_*.h5,"CMIP6 ESGF (driving ESM) regridded 1deg->HEALPix nside64, affine-normalized",<=1 (--max-files 1)
HadGEM3-GC31-LL,ssp585,True,data_DAT_HadGEM3-GC31-LL_ssp585_*.h5,"CMIP6 ESGF (driving ESM) regridded 1deg->HEALPix nside64, affine-normalized",<=1 (--max-files 1)
HadGEM3-GC31-MM,ssp585,True,data_DAT_HadGEM3-GC31-MM_ssp585_*.h5,"CMIP6 ESGF (driving ESM) regridded 1deg->HEALPix nside64, affine-normalized",<=1 (--max-files 1)
INM-CM4-8,ssp585,True,data_DAT_INM-CM4-8_ssp585_*.h5,"CMIP6 ESGF (driving ESM) regridded 1deg->HEALPix nside64, affine-normalized",<=1 (--max-files 1)
INM-CM5-0,ssp585,True,data_DAT_INM-CM5-0_ssp585_*.h5,"CMIP6 ESGF (driving ESM) regridded 1deg->HEALPix nside64, affine-normalized",<=1 (--max-files 1)
IPSL-CM6A-LR,ssp585,True,data_DAT_IPSL-CM6A-LR_ssp585_*.h5,"CMIP6 ESGF (driving ESM) regridded 1deg->HEALPix nside64, affine-normalized",<=1 (--max-files 1)
MIROC-ES2L,ssp585,True,data_DAT_MIROC-ES2L_ssp585_*.h5,"CMIP6 ESGF (driving ESM) regridded 1deg->HEALPix nside64, affine-normalized",<=1 (--max-files 1)
MIROC6,ssp585,True,data_DAT_MIROC6_ssp585_*.h5,"CMIP6 ESGF (driving ESM) regridded 1deg->HEALPix nside64, affine-normalized",<=1 (--max-files 1)
UKESM1-0-LL,ssp585,True,data_DAT_UKESM1-0-LL_ssp585_*.h5,"CMIP6 ESGF (driving ESM) regridded 1deg->HEALPix nside64, affine-normalized",<=1 (--max-files 1)
ACCESS-CM2,abrupt-4xCO2,True,data_DAT_ACCESS-CM2_abrupt-4xCO2_*.h5,"CMIP6 ESGF (driving ESM) regridded 1deg->HEALPix nside64, affine-normalized",<=1 (--max-files 1)
ACCESS-ESM1-5,abrupt-4xCO2,True,data_DAT_ACCESS-ESM1-5_abrupt-4xCO2_*.h5,"CMIP6 ESGF (driving ESM) regridded 1deg->HEALPix nside64, affine-normalized",<=1 (--max-files 1)
CanESM5,abrupt-4xCO2,True,data_DAT_CanESM5_abrupt-4xCO2_*.h5,"CMIP6 ESGF (driving ESM) regridded 1deg->HEALPix nside64, affine-normalized",<=1 (--max-files 1)
CanESM5-1,abrupt-4xCO2,True,data_DAT_CanESM5-1_abrupt-4xCO2_*.h5,"CMIP6 ESGF (driving ESM) regridded 1deg->HEALPix nside64, affine-normalized",<=1 (--max-files 1)
CanESM5-CanOE,abrupt-4xCO2,True,data_DAT_CanESM5-CanOE_abrupt-4xCO2_*.h5,"CMIP6 ESGF (driving ESM) regridded 1deg->HEALPix nside64, affine-normalized",<=1 (--max-files 1)
CESM2,abrupt-4xCO2,True,data_DAT_CESM2_abrupt-4xCO2_*.h5,"CMIP6 ESGF (driving ESM) regridded 1deg->HEALPix nside64, affine-normalized",<=1 (--max-files 1)
CESM2-WACCM,abrupt-4xCO2,True,data_DAT_CESM2-WACCM_abrupt-4xCO2_*.h5,"CMIP6 ESGF (driving ESM) regridded 1deg->HEALPix nside64, affine-normalized",<=1 (--max-files 1)
EC-Earth3,abrupt-4xCO2,True,data_DAT_EC-Earth3_abrupt-4xCO2_*.h5,"CMIP6 ESGF (driving ESM) regridded 1deg->HEALPix nside64, affine-normalized",<=1 (--max-files 1)
EC-Earth3-CC,abrupt-4xCO2,True,data_DAT_EC-Earth3-CC_abrupt-4xCO2_*.h5,"CMIP6 ESGF (driving ESM) regridded 1deg->HEALPix nside64, affine-normalized",<=1 (--max-files 1)
EC-Earth3-Veg,abrupt-4xCO2,True,data_DAT_EC-Earth3-Veg_abrupt-4xCO2_*.h5,"CMIP6 ESGF (driving ESM) regridded 1deg->HEALPix nside64, affine-normalized",<=1 (--max-files 1)
EC-Earth3-Veg-LR,abrupt-4xCO2,True,data_DAT_EC-Earth3-Veg-LR_abrupt-4xCO2_*.h5,"CMIP6 ESGF (driving ESM) regridded 1deg->HEALPix nside64, affine-normalized",<=1 (--max-files 1)
FGOALS-g3,abrupt-4xCO2,True,data_DAT_FGOALS-g3_abrupt-4xCO2_*.h5,"CMIP6 ESGF (driving ESM) regridded 1deg->HEALPix nside64, affine-normalized",<=1 (--max-files 1)
GFDL-CM4,abrupt-4xCO2,True,data_DAT_GFDL-CM4_abrupt-4xCO2_*.h5,"CMIP6 ESGF (driving ESM) regridded 1deg->HEALPix nside64, affine-normalized",<=1 (--max-files 1)
GFDL-ESM4,abrupt-4xCO2,True,data_DAT_GFDL-ESM4_abrupt-4xCO2_*.h5,"CMIP6 ESGF (driving ESM) regridded 1deg->HEALPix nside64, affine-normalized",<=1 (--max-files 1)
GISS-E2-1-G,abrupt-4xCO2,True,data_DAT_GISS-E2-1-G_abrupt-4xCO2_*.h5,"CMIP6 ESGF (driving ESM) regridded 1deg->HEALPix nside64, affine-normalized",<=1 (--max-files 1)
GISS-E2-1-H,abrupt-4xCO2,True,data_DAT_GISS-E2-1-H_abrupt-4xCO2_*.h5,"CMIP6 ESGF (driving ESM) regridded 1deg->HEALPix nside64, affine-normalized",<=1 (--max-files 1)
GISS-E2-2-G,abrupt-4xCO2,True,data_DAT_GISS-E2-2-G_abrupt-4xCO2_*.h5,"CMIP6 ESGF (driving ESM) regridded 1deg->HEALPix nside64, affine-normalized",<=1 (--max-files 1)
HadGEM3-GC31-LL,abrupt-4xCO2,True,data_DAT_HadGEM3-GC31-LL_abrupt-4xCO2_*.h5,"CMIP6 ESGF (driving ESM) regridded 1deg->HEALPix nside64, affine-normalized",<=1 (--max-files 1)
HadGEM3-GC31-MM,abrupt-4xCO2,True,data_DAT_HadGEM3-GC31-MM_abrupt-4xCO2_*.h5,"CMIP6 ESGF (driving ESM) regridded 1deg->HEALPix nside64, affine-normalized",<=1 (--max-files 1)
INM-CM4-8,abrupt-4xCO2,True,data_DAT_INM-CM4-8_abrupt-4xCO2_*.h5,"CMIP6 ESGF (driving ESM) regridded 1deg->HEALPix nside64, affine-normalized",<=1 (--max-files 1)
INM-CM5-0,abrupt-4xCO2,True,data_DAT_INM-CM5-0_abrupt-4xCO2_*.h5,"CMIP6 ESGF (driving ESM) regridded 1deg->HEALPix nside64, affine-normalized",<=1 (--max-files 1)
IPSL-CM6A-LR,abrupt-4xCO2,True,data_DAT_IPSL-CM6A-LR_abrupt-4xCO2_*.h5,"CMIP6 ESGF (driving ESM) regridded 1deg->HEALPix nside64, affine-normalized",<=1 (--max-files 1)
MIROC-ES2L,abrupt-4xCO2,True,data_DAT_MIROC-ES2L_abrupt-4xCO2_*.h5,"CMIP6 ESGF (driving ESM) regridded 1deg->HEALPix nside64, affine-normalized",<=1 (--max-files 1)
MIROC6,abrupt-4xCO2,True,data_DAT_MIROC6_abrupt-4xCO2_*.h5,"CMIP6 ESGF (driving ESM) regridded 1deg->HEALPix nside64, affine-normalized",<=1 (--max-files 1)
UKESM1-0-LL,abrupt-4xCO2,True,data_DAT_UKESM1-0-LL_abrupt-4xCO2_*.h5,"CMIP6 ESGF (driving ESM) regridded 1deg->HEALPix nside64, affine-normalized",<=1 (--max-files 1)
ACCESS-CM2,historical,False,data_DAT_ACCESS-CM2_historical_*.h5,"CMIP6 ESGF (driving ESM) regridded 1deg->HEALPix nside64, affine-normalized",<=1 (--max-files 1)
ACCESS-ESM1-5,historical,False,data_DAT_ACCESS-ESM1-5_historical_*.h5,"CMIP6 ESGF (driving ESM) regridded 1deg->HEALPix nside64, affine-normalized",<=1 (--max-files 1)
CanESM5,historical,False,data_DAT_CanESM5_historical_*.h5,"CMIP6 ESGF (driving ESM) regridded 1deg->HEALPix nside64, affine-normalized",<=1 (--max-files 1)
CanESM5-1,historical,False,data_DAT_CanESM5-1_historical_*.h5,"CMIP6 ESGF (driving ESM) regridded 1deg->HEALPix nside64, affine-normalized",<=1 (--max-files 1)
CanESM5-CanOE,historical,False,data_DAT_CanESM5-CanOE_historical_*.h5,"CMIP6 ESGF (driving ESM) regridded 1deg->HEALPix nside64, affine-normalized",<=1 (--max-files 1)
CESM2,historical,False,data_DAT_CESM2_historical_*.h5,"CMIP6 ESGF (driving ESM) regridded 1deg->HEALPix nside64, affine-normalized",<=1 (--max-files 1)
CESM2-WACCM,historical,False,data_DAT_CESM2-WACCM_historical_*.h5,"CMIP6 ESGF (driving ESM) regridded 1deg->HEALPix nside64, affine-normalized",<=1 (--max-files 1)
EC-Earth3,historical,False,data_DAT_EC-Earth3_historical_*.h5,"CMIP6 ESGF (driving ESM) regridded 1deg->HEALPix nside64, affine-normalized",<=1 (--max-files 1)
EC-Earth3-CC,historical,False,data_DAT_EC-Earth3-CC_historical_*.h5,"CMIP6 ESGF (driving ESM) regridded 1deg->HEALPix nside64, affine-normalized",<=1 (--max-files 1)
EC-Earth3-Veg,historical,False,data_DAT_EC-Earth3-Veg_historical_*.h5,"CMIP6 ESGF (driving ESM) regridded 1deg->HEALPix nside64, affine-normalized",<=1 (--max-files 1)
EC-Earth3-Veg-LR,historical,False,data_DAT_EC-Earth3-Veg-LR_historical_*.h5,"CMIP6 ESGF (driving ESM) regridded 1deg->HEALPix nside64, affine-normalized",<=1 (--max-files 1)
FGOALS-g3,historical,False,data_DAT_FGOALS-g3_historical_*.h5,"CMIP6 ESGF (driving ESM) regridded 1deg->HEALPix nside64, affine-normalized",<=1 (--max-files 1)
GFDL-CM4,historical,False,data_DAT_GFDL-CM4_historical_*.h5,"CMIP6 ESGF (driving ESM) regridded 1deg->HEALPix nside64, affine-normalized",<=1 (--max-files 1)
GFDL-ESM4,historical,False,data_DAT_GFDL-ESM4_historical_*.h5,"CMIP6 ESGF (driving ESM) regridded 1deg->HEALPix nside64, affine-normalized",<=1 (--max-files 1)
GISS-E2-1-G,historical,False,data_DAT_GISS-E2-1-G_historical_*.h5,"CMIP6 ESGF (driving ESM) regridded 1deg->HEALPix nside64, affine-normalized",<=1 (--max-files 1)
GISS-E2-1-H,historical,False,data_DAT_GISS-E2-1-H_historical_*.h5,"CMIP6 ESGF (driving ESM) regridded 1deg->HEALPix nside64, affine-normalized",<=1 (--max-files 1)
GISS-E2-2-G,historical,False,data_DAT_GISS-E2-2-G_historical_*.h5,"CMIP6 ESGF (driving ESM) regridded 1deg->HEALPix nside64, affine-normalized",<=1 (--max-files 1)
HadGEM3-GC31-LL,historical,False,data_DAT_HadGEM3-GC31-LL_historical_*.h5,"CMIP6 ESGF (driving ESM) regridded 1deg->HEALPix nside64, affine-normalized",<=1 (--max-files 1)
HadGEM3-GC31-MM,historical,False,data_DAT_HadGEM3-GC31-MM_historical_*.h5,"CMIP6 ESGF (driving ESM) regridded 1deg->HEALPix nside64, affine-normalized",<=1 (--max-files 1)
INM-CM4-8,historical,False,data_DAT_INM-CM4-8_historical_*.h5,"CMIP6 ESGF (driving ESM) regridded 1deg->HEALPix nside64, affine-normalized",<=1 (--max-files 1)
INM-CM5-0,historical,False,data_DAT_INM-CM5-0_historical_*.h5,"CMIP6 ESGF (driving ESM) regridded 1deg->HEALPix nside64, affine-normalized",<=1 (--max-files 1)
IPSL-CM6A-LR,historical,False,data_DAT_IPSL-CM6A-LR_historical_*.h5,"CMIP6 ESGF (driving ESM) regridded 1deg->HEALPix nside64, affine-normalized",<=1 (--max-files 1)
MIROC-ES2L,historical,False,data_DAT_MIROC-ES2L_historical_*.h5,"CMIP6 ESGF (driving ESM) regridded 1deg->HEALPix nside64, affine-normalized",<=1 (--max-files 1)
MIROC6,historical,False,data_DAT_MIROC6_historical_*.h5,"CMIP6 ESGF (driving ESM) regridded 1deg->HEALPix nside64, affine-normalized",<=1 (--max-files 1)
UKESM1-0-LL,historical,False,data_DAT_UKESM1-0-LL_historical_*.h5,"CMIP6 ESGF (driving ESM) regridded 1deg->HEALPix nside64, affine-normalized",<=1 (--max-files 1)
ACCESS-CM2,ssp119,False,data_DAT_ACCESS-CM2_ssp119_*.h5,"CMIP6 ESGF (driving ESM) regridded 1deg->HEALPix nside64, affine-normalized",<=1 (--max-files 1)
ACCESS-ESM1-5,ssp119,False,data_DAT_ACCESS-ESM1-5_ssp119_*.h5,"CMIP6 ESGF (driving ESM) regridded 1deg->HEALPix nside64, affine-normalized",<=1 (--max-files 1)
CanESM5,ssp119,False,data_DAT_CanESM5_ssp119_*.h5,"CMIP6 ESGF (driving ESM) regridded 1deg->HEALPix nside64, affine-normalized",<=1 (--max-files 1)
CanESM5-1,ssp119,False,data_DAT_CanESM5-1_ssp119_*.h5,"CMIP6 ESGF (driving ESM) regridded 1deg->HEALPix nside64, affine-normalized",<=1 (--max-files 1)
CanESM5-CanOE,ssp119,False,data_DAT_CanESM5-CanOE_ssp119_*.h5,"CMIP6 ESGF (driving ESM) regridded 1deg->HEALPix nside64, affine-normalized",<=1 (--max-files 1)
CESM2,ssp119,False,data_DAT_CESM2_ssp119_*.h5,"CMIP6 ESGF (driving ESM) regridded 1deg->HEALPix nside64, affine-normalized",<=1 (--max-files 1)
CESM2-WACCM,ssp119,False,data_DAT_CESM2-WACCM_ssp119_*.h5,"CMIP6 ESGF (driving ESM) regridded 1deg->HEALPix nside64, affine-normalized",<=1 (--max-files 1)
EC-Earth3,ssp119,False,data_DAT_EC-Earth3_ssp119_*.h5,"CMIP6 ESGF (driving ESM) regridded 1deg->HEALPix nside64, affine-normalized",<=1 (--max-files 1)
EC-Earth3-CC,ssp119,False,data_DAT_EC-Earth3-CC_ssp119_*.h5,"CMIP6 ESGF (driving ESM) regridded 1deg->HEALPix nside64, affine-normalized",<=1 (--max-files 1)
EC-Earth3-Veg,ssp119,False,data_DAT_EC-Earth3-Veg_ssp119_*.h5,"CMIP6 ESGF (driving ESM) regridded 1deg->HEALPix nside64, affine-normalized",<=1 (--max-files 1)
EC-Earth3-Veg-LR,ssp119,False,data_DAT_EC-Earth3-Veg-LR_ssp119_*.h5,"CMIP6 ESGF (driving ESM) regridded 1deg->HEALPix nside64, affine-normalized",<=1 (--max-files 1)
FGOALS-g3,ssp119,False,data_DAT_FGOALS-g3_ssp119_*.h5,"CMIP6 ESGF (driving ESM) regridded 1deg->HEALPix nside64, affine-normalized",<=1 (--max-files 1)
GFDL-CM4,ssp119,False,data_DAT_GFDL-CM4_ssp119_*.h5,"CMIP6 ESGF (driving ESM) regridded 1deg->HEALPix nside64, affine-normalized",<=1 (--max-files 1)
GFDL-ESM4,ssp119,False,data_DAT_GFDL-ESM4_ssp119_*.h5,"CMIP6 ESGF (driving ESM) regridded 1deg->HEALPix nside64, affine-normalized",<=1 (--max-files 1)
GISS-E2-1-G,ssp119,False,data_DAT_GISS-E2-1-G_ssp119_*.h5,"CMIP6 ESGF (driving ESM) regridded 1deg->HEALPix nside64, affine-normalized",<=1 (--max-files 1)
GISS-E2-1-H,ssp119,False,data_DAT_GISS-E2-1-H_ssp119_*.h5,"CMIP6 ESGF (driving ESM) regridded 1deg->HEALPix nside64, affine-normalized",<=1 (--max-files 1)
GISS-E2-2-G,ssp119,False,data_DAT_GISS-E2-2-G_ssp119_*.h5,"CMIP6 ESGF (driving ESM) regridded 1deg->HEALPix nside64, affine-normalized",<=1 (--max-files 1)
HadGEM3-GC31-LL,ssp119,False,data_DAT_HadGEM3-GC31-LL_ssp119_*.h5,"CMIP6 ESGF (driving ESM) regridded 1deg->HEALPix nside64, affine-normalized",<=1 (--max-files 1)
HadGEM3-GC31-MM,ssp119,False,data_DAT_HadGEM3-GC31-MM_ssp119_*.h5,"CMIP6 ESGF (driving ESM) regridded 1deg->HEALPix nside64, affine-normalized",<=1 (--max-files 1)
INM-CM4-8,ssp119,False,data_DAT_INM-CM4-8_ssp119_*.h5,"CMIP6 ESGF (driving ESM) regridded 1deg->HEALPix nside64, affine-normalized",<=1 (--max-files 1)
INM-CM5-0,ssp119,False,data_DAT_INM-CM5-0_ssp119_*.h5,"CMIP6 ESGF (driving ESM) regridded 1deg->HEALPix nside64, affine-normalized",<=1 (--max-files 1)
IPSL-CM6A-LR,ssp119,False,data_DAT_IPSL-CM6A-LR_ssp119_*.h5,"CMIP6 ESGF (driving ESM) regridded 1deg->HEALPix nside64, affine-normalized",<=1 (--max-files 1)
MIROC-ES2L,ssp119,False,data_DAT_MIROC-ES2L_ssp119_*.h5,"CMIP6 ESGF (driving ESM) regridded 1deg->HEALPix nside64, affine-normalized",<=1 (--max-files 1)
MIROC6,ssp119,False,data_DAT_MIROC6_ssp119_*.h5,"CMIP6 ESGF (driving ESM) regridded 1deg->HEALPix nside64, affine-normalized",<=1 (--max-files 1)
UKESM1-0-LL,ssp119,False,data_DAT_UKESM1-0-LL_ssp119_*.h5,"CMIP6 ESGF (driving ESM) regridded 1deg->HEALPix nside64, affine-normalized",<=1 (--max-files 1)
ACCESS-CM2,ssp126,False,data_DAT_ACCESS-CM2_ssp126_*.h5,"CMIP6 ESGF (driving ESM) regridded 1deg->HEALPix nside64, affine-normalized",<=1 (--max-files 1)
ACCESS-ESM1-5,ssp126,False,data_DAT_ACCESS-ESM1-5_ssp126_*.h5,"CMIP6 ESGF (driving ESM) regridded 1deg->HEALPix nside64, affine-normalized",<=1 (--max-files 1)
CanESM5,ssp126,False,data_DAT_CanESM5_ssp126_*.h5,"CMIP6 ESGF (driving ESM) regridded 1deg->HEALPix nside64, affine-normalized",<=1 (--max-files 1)
CanESM5-1,ssp126,False,data_DAT_CanESM5-1_ssp126_*.h5,"CMIP6 ESGF (driving ESM) regridded 1deg->HEALPix nside64, affine-normalized",<=1 (--max-files 1)
CanESM5-CanOE,ssp126,False,data_DAT_CanESM5-CanOE_ssp126_*.h5,"CMIP6 ESGF (driving ESM) regridded 1deg->HEALPix nside64, affine-normalized",<=1 (--max-files 1)
CESM2,ssp126,False,data_DAT_CESM2_ssp126_*.h5,"CMIP6 ESGF (driving ESM) regridded 1deg->HEALPix nside64, affine-normalized",<=1 (--max-files 1)
CESM2-WACCM,ssp126,False,data_DAT_CESM2-WACCM_ssp126_*.h5,"CMIP6 ESGF (driving ESM) regridded 1deg->HEALPix nside64, affine-normalized",<=1 (--max-files 1)
EC-Earth3,ssp126,False,data_DAT_EC-Earth3_ssp126_*.h5,"CMIP6 ESGF (driving ESM) regridded 1deg->HEALPix nside64, affine-normalized",<=1 (--max-files 1)
EC-Earth3-CC,ssp126,False,data_DAT_EC-Earth3-CC_ssp126_*.h5,"CMIP6 ESGF (driving ESM) regridded 1deg->HEALPix nside64, affine-normalized",<=1 (--max-files 1)
EC-Earth3-Veg,ssp126,False,data_DAT_EC-Earth3-Veg_ssp126_*.h5,"CMIP6 ESGF (driving ESM) regridded 1deg->HEALPix nside64, affine-normalized",<=1 (--max-files 1)
EC-Earth3-Veg-LR,ssp126,False,data_DAT_EC-Earth3-Veg-LR_ssp126_*.h5,"CMIP6 ESGF (driving ESM) regridded 1deg->HEALPix nside64, affine-normalized",<=1 (--max-files 1)
FGOALS-g3,ssp126,False,data_DAT_FGOALS-g3_ssp126_*.h5,"CMIP6 ESGF (driving ESM) regridded 1deg->HEALPix nside64, affine-normalized",<=1 (--max-files 1)
GFDL-CM4,ssp126,False,data_DAT_GFDL-CM4_ssp126_*.h5,"CMIP6 ESGF (driving ESM) regridded 1deg->HEALPix nside64, affine-normalized",<=1 (--max-files 1)
GFDL-ESM4,ssp126,False,data_DAT_GFDL-ESM4_ssp126_*.h5,"CMIP6 ESGF (driving ESM) regridded 1deg->HEALPix nside64, affine-normalized",<=1 (--max-files 1)
GISS-E2-1-G,ssp126,False,data_DAT_GISS-E2-1-G_ssp126_*.h5,"CMIP6 ESGF (driving ESM) regridded 1deg->HEALPix nside64, affine-normalized",<=1 (--max-files 1)
GISS-E2-1-H,ssp126,False,data_DAT_GISS-E2-1-H_ssp126_*.h5,"CMIP6 ESGF (driving ESM) regridded 1deg->HEALPix nside64, affine-normalized",<=1 (--max-files 1)
GISS-E2-2-G,ssp126,False,data_DAT_GISS-E2-2-G_ssp126_*.h5,"CMIP6 ESGF (driving ESM) regridded 1deg->HEALPix nside64, affine-normalized",<=1 (--max-files 1)
HadGEM3-GC31-LL,ssp126,False,data_DAT_HadGEM3-GC31-LL_ssp126_*.h5,"CMIP6 ESGF (driving ESM) regridded 1deg->HEALPix nside64, affine-normalized",<=1 (--max-files 1)
HadGEM3-GC31-MM,ssp126,False,data_DAT_HadGEM3-GC31-MM_ssp126_*.h5,"CMIP6 ESGF (driving ESM) regridded 1deg->HEALPix nside64, affine-normalized",<=1 (--max-files 1)
INM-CM4-8,ssp126,False,data_DAT_INM-CM4-8_ssp126_*.h5,"CMIP6 ESGF (driving ESM) regridded 1deg->HEALPix nside64, affine-normalized",<=1 (--max-files 1)
INM-CM5-0,ssp126,False,data_DAT_INM-CM5-0_ssp126_*.h5,"CMIP6 ESGF (driving ESM) regridded 1deg->HEALPix nside64, affine-normalized",<=1 (--max-files 1)
IPSL-CM6A-LR,ssp126,False,data_DAT_IPSL-CM6A-LR_ssp126_*.h5,"CMIP6 ESGF (driving ESM) regridded 1deg->HEALPix nside64, affine-normalized",<=1 (--max-files 1)
MIROC-ES2L,ssp126,False,data_DAT_MIROC-ES2L_ssp126_*.h5,"CMIP6 ESGF (driving ESM) regridded 1deg->HEALPix nside64, affine-normalized",<=1 (--max-files 1)
MIROC6,ssp126,False,data_DAT_MIROC6_ssp126_*.h5,"CMIP6 ESGF (driving ESM) regridded 1deg->HEALPix nside64, affine-normalized",<=1 (--max-files 1)
UKESM1-0-LL,ssp126,False,data_DAT_UKESM1-0-LL_ssp126_*.h5,"CMIP6 ESGF (driving ESM) regridded 1deg->HEALPix nside64, affine-normalized",<=1 (--max-files 1)
ACCESS-CM2,ssp370,False,data_DAT_ACCESS-CM2_ssp370_*.h5,"CMIP6 ESGF (driving ESM) regridded 1deg->HEALPix nside64, affine-normalized",<=1 (--max-files 1)
ACCESS-ESM1-5,ssp370,False,data_DAT_ACCESS-ESM1-5_ssp370_*.h5,"CMIP6 ESGF (driving ESM) regridded 1deg->HEALPix nside64, affine-normalized",<=1 (--max-files 1)
CanESM5,ssp370,False,data_DAT_CanESM5_ssp370_*.h5,"CMIP6 ESGF (driving ESM) regridded 1deg->HEALPix nside64, affine-normalized",<=1 (--max-files 1)
CanESM5-1,ssp370,False,data_DAT_CanESM5-1_ssp370_*.h5,"CMIP6 ESGF (driving ESM) regridded 1deg->HEALPix nside64, affine-normalized",<=1 (--max-files 1)
CanESM5-CanOE,ssp370,False,data_DAT_CanESM5-CanOE_ssp370_*.h5,"CMIP6 ESGF (driving ESM) regridded 1deg->HEALPix nside64, affine-normalized",<=1 (--max-files 1)
CESM2,ssp370,False,data_DAT_CESM2_ssp370_*.h5,"CMIP6 ESGF (driving ESM) regridded 1deg->HEALPix nside64, affine-normalized",<=1 (--max-files 1)
CESM2-WACCM,ssp370,False,data_DAT_CESM2-WACCM_ssp370_*.h5,"CMIP6 ESGF (driving ESM) regridded 1deg->HEALPix nside64, affine-normalized",<=1 (--max-files 1)
EC-Earth3,ssp370,False,data_DAT_EC-Earth3_ssp370_*.h5,"CMIP6 ESGF (driving ESM) regridded 1deg->HEALPix nside64, affine-normalized",<=1 (--max-files 1)
EC-Earth3-CC,ssp370,False,data_DAT_EC-Earth3-CC_ssp370_*.h5,"CMIP6 ESGF (driving ESM) regridded 1deg->HEALPix nside64, affine-normalized",<=1 (--max-files 1)
EC-Earth3-Veg,ssp370,False,data_DAT_EC-Earth3-Veg_ssp370_*.h5,"CMIP6 ESGF (driving ESM) regridded 1deg->HEALPix nside64, affine-normalized",<=1 (--max-files 1)
EC-Earth3-Veg-LR,ssp370,False,data_DAT_EC-Earth3-Veg-LR_ssp370_*.h5,"CMIP6 ESGF (driving ESM) regridded 1deg->HEALPix nside64, affine-normalized",<=1 (--max-files 1)
FGOALS-g3,ssp370,False,data_DAT_FGOALS-g3_ssp370_*.h5,"CMIP6 ESGF (driving ESM) regridded 1deg->HEALPix nside64, affine-normalized",<=1 (--max-files 1)
GFDL-CM4,ssp370,False,data_DAT_GFDL-CM4_ssp370_*.h5,"CMIP6 ESGF (driving ESM) regridded 1deg->HEALPix nside64, affine-normalized",<=1 (--max-files 1)
GFDL-ESM4,ssp370,False,data_DAT_GFDL-ESM4_ssp370_*.h5,"CMIP6 ESGF (driving ESM) regridded 1deg->HEALPix nside64, affine-normalized",<=1 (--max-files 1)
GISS-E2-1-G,ssp370,False,data_DAT_GISS-E2-1-G_ssp370_*.h5,"CMIP6 ESGF (driving ESM) regridded 1deg->HEALPix nside64, affine-normalized",<=1 (--max-files 1)
GISS-E2-1-H,ssp370,False,data_DAT_GISS-E2-1-H_ssp370_*.h5,"CMIP6 ESGF (driving ESM) regridded 1deg->HEALPix nside64, affine-normalized",<=1 (--max-files 1)
GISS-E2-2-G,ssp370,False,data_DAT_GISS-E2-2-G_ssp370_*.h5,"CMIP6 ESGF (driving ESM) regridded 1deg->HEALPix nside64, affine-normalized",<=1 (--max-files 1)
HadGEM3-GC31-LL,ssp370,False,data_DAT_HadGEM3-GC31-LL_ssp370_*.h5,"CMIP6 ESGF (driving ESM) regridded 1deg->HEALPix nside64, affine-normalized",<=1 (--max-files 1)
HadGEM3-GC31-MM,ssp370,False,data_DAT_HadGEM3-GC31-MM_ssp370_*.h5,"CMIP6 ESGF (driving ESM) regridded 1deg->HEALPix nside64, affine-normalized",<=1 (--max-files 1)
INM-CM4-8,ssp370,False,data_DAT_INM-CM4-8_ssp370_*.h5,"CMIP6 ESGF (driving ESM) regridded 1deg->HEALPix nside64, affine-normalized",<=1 (--max-files 1)
INM-CM5-0,ssp370,False,data_DAT_INM-CM5-0_ssp370_*.h5,"CMIP6 ESGF (driving ESM) regridded 1deg->HEALPix nside64, affine-normalized",<=1 (--max-files 1)
IPSL-CM6A-LR,ssp370,False,data_DAT_IPSL-CM6A-LR_ssp370_*.h5,"CMIP6 ESGF (driving ESM) regridded 1deg->HEALPix nside64, affine-normalized",<=1 (--max-files 1)
MIROC-ES2L,ssp370,False,data_DAT_MIROC-ES2L_ssp370_*.h5,"CMIP6 ESGF (driving ESM) regridded 1deg->HEALPix nside64, affine-normalized",<=1 (--max-files 1)
MIROC6,ssp370,False,data_DAT_MIROC6_ssp370_*.h5,"CMIP6 ESGF (driving ESM) regridded 1deg->HEALPix nside64, affine-normalized",<=1 (--max-files 1)
UKESM1-0-LL,ssp370,False,data_DAT_UKESM1-0-LL_ssp370_*.h5,"CMIP6 ESGF (driving ESM) regridded 1deg->HEALPix nside64, affine-normalized",<=1 (--max-files 1)
ACCESS-CM2,ssp434,False,data_DAT_ACCESS-CM2_ssp434_*.h5,"CMIP6 ESGF (driving ESM) regridded 1deg->HEALPix nside64, affine-normalized",<=1 (--max-files 1)
ACCESS-ESM1-5,ssp434,False,data_DAT_ACCESS-ESM1-5_ssp434_*.h5,"CMIP6 ESGF (driving ESM) regridded 1deg->HEALPix nside64, affine-normalized",<=1 (--max-files 1)
CanESM5,ssp434,False,data_DAT_CanESM5_ssp434_*.h5,"CMIP6 ESGF (driving ESM) regridded 1deg->HEALPix nside64, affine-normalized",<=1 (--max-files 1)
CanESM5-1,ssp434,False,data_DAT_CanESM5-1_ssp434_*.h5,"CMIP6 ESGF (driving ESM) regridded 1deg->HEALPix nside64, affine-normalized",<=1 (--max-files 1)
CanESM5-CanOE,ssp434,False,data_DAT_CanESM5-CanOE_ssp434_*.h5,"CMIP6 ESGF (driving ESM) regridded 1deg->HEALPix nside64, affine-normalized",<=1 (--max-files 1)
CESM2,ssp434,False,data_DAT_CESM2_ssp434_*.h5,"CMIP6 ESGF (driving ESM) regridded 1deg->HEALPix nside64, affine-normalized",<=1 (--max-files 1)
CESM2-WACCM,ssp434,False,data_DAT_CESM2-WACCM_ssp434_*.h5,"CMIP6 ESGF (driving ESM) regridded 1deg->HEALPix nside64, affine-normalized",<=1 (--max-files 1)
EC-Earth3,ssp434,False,data_DAT_EC-Earth3_ssp434_*.h5,"CMIP6 ESGF (driving ESM) regridded 1deg->HEALPix nside64, affine-normalized",<=1 (--max-files 1)
EC-Earth3-CC,ssp434,False,data_DAT_EC-Earth3-CC_ssp434_*.h5,"CMIP6 ESGF (driving ESM) regridded 1deg->HEALPix nside64, affine-normalized",<=1 (--max-files 1)
EC-Earth3-Veg,ssp434,False,data_DAT_EC-Earth3-Veg_ssp434_*.h5,"CMIP6 ESGF (driving ESM) regridded 1deg->HEALPix nside64, affine-normalized",<=1 (--max-files 1)
EC-Earth3-Veg-LR,ssp434,False,data_DAT_EC-Earth3-Veg-LR_ssp434_*.h5,"CMIP6 ESGF (driving ESM) regridded 1deg->HEALPix nside64, affine-normalized",<=1 (--max-files 1)
FGOALS-g3,ssp434,False,data_DAT_FGOALS-g3_ssp434_*.h5,"CMIP6 ESGF (driving ESM) regridded 1deg->HEALPix nside64, affine-normalized",<=1 (--max-files 1)
GFDL-CM4,ssp434,False,data_DAT_GFDL-CM4_ssp434_*.h5,"CMIP6 ESGF (driving ESM) regridded 1deg->HEALPix nside64, affine-normalized",<=1 (--max-files 1)
GFDL-ESM4,ssp434,False,data_DAT_GFDL-ESM4_ssp434_*.h5,"CMIP6 ESGF (driving ESM) regridded 1deg->HEALPix nside64, affine-normalized",<=1 (--max-files 1)
GISS-E2-1-G,ssp434,False,data_DAT_GISS-E2-1-G_ssp434_*.h5,"CMIP6 ESGF (driving ESM) regridded 1deg->HEALPix nside64, affine-normalized",<=1 (--max-files 1)
GISS-E2-1-H,ssp434,False,data_DAT_GISS-E2-1-H_ssp434_*.h5,"CMIP6 ESGF (driving ESM) regridded 1deg->HEALPix nside64, affine-normalized",<=1 (--max-files 1)
GISS-E2-2-G,ssp434,False,data_DAT_GISS-E2-2-G_ssp434_*.h5,"CMIP6 ESGF (driving ESM) regridded 1deg->HEALPix nside64, affine-normalized",<=1 (--max-files 1)
HadGEM3-GC31-LL,ssp434,False,data_DAT_HadGEM3-GC31-LL_ssp434_*.h5,"CMIP6 ESGF (driving ESM) regridded 1deg->HEALPix nside64, affine-normalized",<=1 (--max-files 1)
HadGEM3-GC31-MM,ssp434,False,data_DAT_HadGEM3-GC31-MM_ssp434_*.h5,"CMIP6 ESGF (driving ESM) regridded 1deg->HEALPix nside64, affine-normalized",<=1 (--max-files 1)
INM-CM4-8,ssp434,False,data_DAT_INM-CM4-8_ssp434_*.h5,"CMIP6 ESGF (driving ESM) regridded 1deg->HEALPix nside64, affine-normalized",<=1 (--max-files 1)
INM-CM5-0,ssp434,False,data_DAT_INM-CM5-0_ssp434_*.h5,"CMIP6 ESGF (driving ESM) regridded 1deg->HEALPix nside64, affine-normalized",<=1 (--max-files 1)
IPSL-CM6A-LR,ssp434,False,data_DAT_IPSL-CM6A-LR_ssp434_*.h5,"CMIP6 ESGF (driving ESM) regridded 1deg->HEALPix nside64, affine-normalized",<=1 (--max-files 1)
MIROC-ES2L,ssp434,False,data_DAT_MIROC-ES2L_ssp434_*.h5,"CMIP6 ESGF (driving ESM) regridded 1deg->HEALPix nside64, affine-normalized",<=1 (--max-files 1)
MIROC6,ssp434,False,data_DAT_MIROC6_ssp434_*.h5,"CMIP6 ESGF (driving ESM) regridded 1deg->HEALPix nside64, affine-normalized",<=1 (--max-files 1)
UKESM1-0-LL,ssp434,False,data_DAT_UKESM1-0-LL_ssp434_*.h5,"CMIP6 ESGF (driving ESM) regridded 1deg->HEALPix nside64, affine-normalized",<=1 (--max-files 1)
ACCESS-CM2,ssp460,False,data_DAT_ACCESS-CM2_ssp460_*.h5,"CMIP6 ESGF (driving ESM) regridded 1deg->HEALPix nside64, affine-normalized",<=1 (--max-files 1)
ACCESS-ESM1-5,ssp460,False,data_DAT_ACCESS-ESM1-5_ssp460_*.h5,"CMIP6 ESGF (driving ESM) regridded 1deg->HEALPix nside64, affine-normalized",<=1 (--max-files 1)
CanESM5,ssp460,False,data_DAT_CanESM5_ssp460_*.h5,"CMIP6 ESGF (driving ESM) regridded 1deg->HEALPix nside64, affine-normalized",<=1 (--max-files 1)
CanESM5-1,ssp460,False,data_DAT_CanESM5-1_ssp460_*.h5,"CMIP6 ESGF (driving ESM) regridded 1deg->HEALPix nside64, affine-normalized",<=1 (--max-files 1)
CanESM5-CanOE,ssp460,False,data_DAT_CanESM5-CanOE_ssp460_*.h5,"CMIP6 ESGF (driving ESM) regridded 1deg->HEALPix nside64, affine-normalized",<=1 (--max-files 1)
CESM2,ssp460,False,data_DAT_CESM2_ssp460_*.h5,"CMIP6 ESGF (driving ESM) regridded 1deg->HEALPix nside64, affine-normalized",<=1 (--max-files 1)
CESM2-WACCM,ssp460,False,data_DAT_CESM2-WACCM_ssp460_*.h5,"CMIP6 ESGF (driving ESM) regridded 1deg->HEALPix nside64, affine-normalized",<=1 (--max-files 1)
EC-Earth3,ssp460,False,data_DAT_EC-Earth3_ssp460_*.h5,"CMIP6 ESGF (driving ESM) regridded 1deg->HEALPix nside64, affine-normalized",<=1 (--max-files 1)
EC-Earth3-CC,ssp460,False,data_DAT_EC-Earth3-CC_ssp460_*.h5,"CMIP6 ESGF (driving ESM) regridded 1deg->HEALPix nside64, affine-normalized",<=1 (--max-files 1)
EC-Earth3-Veg,ssp460,False,data_DAT_EC-Earth3-Veg_ssp460_*.h5,"CMIP6 ESGF (driving ESM) regridded 1deg->HEALPix nside64, affine-normalized",<=1 (--max-files 1)
EC-Earth3-Veg-LR,ssp460,False,data_DAT_EC-Earth3-Veg-LR_ssp460_*.h5,"CMIP6 ESGF (driving ESM) regridded 1deg->HEALPix nside64, affine-normalized",<=1 (--max-files 1)
FGOALS-g3,ssp460,False,data_DAT_FGOALS-g3_ssp460_*.h5,"CMIP6 ESGF (driving ESM) regridded 1deg->HEALPix nside64, affine-normalized",<=1 (--max-files 1)
GFDL-CM4,ssp460,False,data_DAT_GFDL-CM4_ssp460_*.h5,"CMIP6 ESGF (driving ESM) regridded 1deg->HEALPix nside64, affine-normalized",<=1 (--max-files 1)
GFDL-ESM4,ssp460,False,data_DAT_GFDL-ESM4_ssp460_*.h5,"CMIP6 ESGF (driving ESM) regridded 1deg->HEALPix nside64, affine-normalized",<=1 (--max-files 1)
GISS-E2-1-G,ssp460,False,data_DAT_GISS-E2-1-G_ssp460_*.h5,"CMIP6 ESGF (driving ESM) regridded 1deg->HEALPix nside64, affine-normalized",<=1 (--max-files 1)
GISS-E2-1-H,ssp460,False,data_DAT_GISS-E2-1-H_ssp460_*.h5,"CMIP6 ESGF (driving ESM) regridded 1deg->HEALPix nside64, affine-normalized",<=1 (--max-files 1)
GISS-E2-2-G,ssp460,False,data_DAT_GISS-E2-2-G_ssp460_*.h5,"CMIP6 ESGF (driving ESM) regridded 1deg->HEALPix nside64, affine-normalized",<=1 (--max-files 1)
HadGEM3-GC31-LL,ssp460,False,data_DAT_HadGEM3-GC31-LL_ssp460_*.h5,"CMIP6 ESGF (driving ESM) regridded 1deg->HEALPix nside64, affine-normalized",<=1 (--max-files 1)
HadGEM3-GC31-MM,ssp460,False,data_DAT_HadGEM3-GC31-MM_ssp460_*.h5,"CMIP6 ESGF (driving ESM) regridded 1deg->HEALPix nside64, affine-normalized",<=1 (--max-files 1)
INM-CM4-8,ssp460,False,data_DAT_INM-CM4-8_ssp460_*.h5,"CMIP6 ESGF (driving ESM) regridded 1deg->HEALPix nside64, affine-normalized",<=1 (--max-files 1)
INM-CM5-0,ssp460,False,data_DAT_INM-CM5-0_ssp460_*.h5,"CMIP6 ESGF (driving ESM) regridded 1deg->HEALPix nside64, affine-normalized",<=1 (--max-files 1)
IPSL-CM6A-LR,ssp460,False,data_DAT_IPSL-CM6A-LR_ssp460_*.h5,"CMIP6 ESGF (driving ESM) regridded 1deg->HEALPix nside64, affine-normalized",<=1 (--max-files 1)
MIROC-ES2L,ssp460,False,data_DAT_MIROC-ES2L_ssp460_*.h5,"CMIP6 ESGF (driving ESM) regridded 1deg->HEALPix nside64, affine-normalized",<=1 (--max-files 1)
MIROC6,ssp460,False,data_DAT_MIROC6_ssp460_*.h5,"CMIP6 ESGF (driving ESM) regridded 1deg->HEALPix nside64, affine-normalized",<=1 (--max-files 1)
UKESM1-0-LL,ssp460,False,data_DAT_UKESM1-0-LL_ssp460_*.h5,"CMIP6 ESGF (driving ESM) regridded 1deg->HEALPix nside64, affine-normalized",<=1 (--max-files 1)
ACCESS-CM2,hist-GHG,False,data_DAT_ACCESS-CM2_hist-GHG_*.h5,"CMIP6 ESGF (driving ESM) regridded 1deg->HEALPix nside64, affine-normalized",<=1 (--max-files 1)
ACCESS-ESM1-5,hist-GHG,False,data_DAT_ACCESS-ESM1-5_hist-GHG_*.h5,"CMIP6 ESGF (driving ESM) regridded 1deg->HEALPix nside64, affine-normalized",<=1 (--max-files 1)
CanESM5,hist-GHG,False,data_DAT_CanESM5_hist-GHG_*.h5,"CMIP6 ESGF (driving ESM) regridded 1deg->HEALPix nside64, affine-normalized",<=1 (--max-files 1)
CanESM5-1,hist-GHG,False,data_DAT_CanESM5-1_hist-GHG_*.h5,"CMIP6 ESGF (driving ESM) regridded 1deg->HEALPix nside64, affine-normalized",<=1 (--max-files 1)
CanESM5-CanOE,hist-GHG,False,data_DAT_CanESM5-CanOE_hist-GHG_*.h5,"CMIP6 ESGF (driving ESM) regridded 1deg->HEALPix nside64, affine-normalized",<=1 (--max-files 1)
CESM2,hist-GHG,False,data_DAT_CESM2_hist-GHG_*.h5,"CMIP6 ESGF (driving ESM) regridded 1deg->HEALPix nside64, affine-normalized",<=1 (--max-files 1)
CESM2-WACCM,hist-GHG,False,data_DAT_CESM2-WACCM_hist-GHG_*.h5,"CMIP6 ESGF (driving ESM) regridded 1deg->HEALPix nside64, affine-normalized",<=1 (--max-files 1)
EC-Earth3,hist-GHG,False,data_DAT_EC-Earth3_hist-GHG_*.h5,"CMIP6 ESGF (driving ESM) regridded 1deg->HEALPix nside64, affine-normalized",<=1 (--max-files 1)
EC-Earth3-CC,hist-GHG,False,data_DAT_EC-Earth3-CC_hist-GHG_*.h5,"CMIP6 ESGF (driving ESM) regridded 1deg->HEALPix nside64, affine-normalized",<=1 (--max-files 1)
EC-Earth3-Veg,hist-GHG,False,data_DAT_EC-Earth3-Veg_hist-GHG_*.h5,"CMIP6 ESGF (driving ESM) regridded 1deg->HEALPix nside64, affine-normalized",<=1 (--max-files 1)
EC-Earth3-Veg-LR,hist-GHG,False,data_DAT_EC-Earth3-Veg-LR_hist-GHG_*.h5,"CMIP6 ESGF (driving ESM) regridded 1deg->HEALPix nside64, affine-normalized",<=1 (--max-files 1)
FGOALS-g3,hist-GHG,False,data_DAT_FGOALS-g3_hist-GHG_*.h5,"CMIP6 ESGF (driving ESM) regridded 1deg->HEALPix nside64, affine-normalized",<=1 (--max-files 1)
GFDL-CM4,hist-GHG,False,data_DAT_GFDL-CM4_hist-GHG_*.h5,"CMIP6 ESGF (driving ESM) regridded 1deg->HEALPix nside64, affine-normalized",<=1 (--max-files 1)
GFDL-ESM4,hist-GHG,False,data_DAT_GFDL-ESM4_hist-GHG_*.h5,"CMIP6 ESGF (driving ESM) regridded 1deg->HEALPix nside64, affine-normalized",<=1 (--max-files 1)
GISS-E2-1-G,hist-GHG,False,data_DAT_GISS-E2-1-G_hist-GHG_*.h5,"CMIP6 ESGF (driving ESM) regridded 1deg->HEALPix nside64, affine-normalized",<=1 (--max-files 1)
GISS-E2-1-H,hist-GHG,False,data_DAT_GISS-E2-1-H_hist-GHG_*.h5,"CMIP6 ESGF (driving ESM) regridded 1deg->HEALPix nside64, affine-normalized",<=1 (--max-files 1)
GISS-E2-2-G,hist-GHG,False,data_DAT_GISS-E2-2-G_hist-GHG_*.h5,"CMIP6 ESGF (driving ESM) regridded 1deg->HEALPix nside64, affine-normalized",<=1 (--max-files 1)
HadGEM3-GC31-LL,hist-GHG,False,data_DAT_HadGEM3-GC31-LL_hist-GHG_*.h5,"CMIP6 ESGF (driving ESM) regridded 1deg->HEALPix nside64, affine-normalized",<=1 (--max-files 1)
HadGEM3-GC31-MM,hist-GHG,False,data_DAT_HadGEM3-GC31-MM_hist-GHG_*.h5,"CMIP6 ESGF (driving ESM) regridded 1deg->HEALPix nside64, affine-normalized",<=1 (--max-files 1)
INM-CM4-8,hist-GHG,False,data_DAT_INM-CM4-8_hist-GHG_*.h5,"CMIP6 ESGF (driving ESM) regridded 1deg->HEALPix nside64, affine-normalized",<=1 (--max-files 1)
INM-CM5-0,hist-GHG,False,data_DAT_INM-CM5-0_hist-GHG_*.h5,"CMIP6 ESGF (driving ESM) regridded 1deg->HEALPix nside64, affine-normalized",<=1 (--max-files 1)
IPSL-CM6A-LR,hist-GHG,False,data_DAT_IPSL-CM6A-LR_hist-GHG_*.h5,"CMIP6 ESGF (driving ESM) regridded 1deg->HEALPix nside64, affine-normalized",<=1 (--max-files 1)
MIROC-ES2L,hist-GHG,False,data_DAT_MIROC-ES2L_hist-GHG_*.h5,"CMIP6 ESGF (driving ESM) regridded 1deg->HEALPix nside64, affine-normalized",<=1 (--max-files 1)
MIROC6,hist-GHG,False,data_DAT_MIROC6_hist-GHG_*.h5,"CMIP6 ESGF (driving ESM) regridded 1deg->HEALPix nside64, affine-normalized",<=1 (--max-files 1)
UKESM1-0-LL,hist-GHG,False,data_DAT_UKESM1-0-LL_hist-GHG_*.h5,"CMIP6 ESGF (driving ESM) regridded 1deg->HEALPix nside64, affine-normalized",<=1 (--max-files 1)
ACCESS-CM2,hist-aer,False,data_DAT_ACCESS-CM2_hist-aer_*.h5,"CMIP6 ESGF (driving ESM) regridded 1deg->HEALPix nside64, affine-normalized",<=1 (--max-files 1)
ACCESS-ESM1-5,hist-aer,False,data_DAT_ACCESS-ESM1-5_hist-aer_*.h5,"CMIP6 ESGF (driving ESM) regridded 1deg->HEALPix nside64, affine-normalized",<=1 (--max-files 1)
CanESM5,hist-aer,False,data_DAT_CanESM5_hist-aer_*.h5,"CMIP6 ESGF (driving ESM) regridded 1deg->HEALPix nside64, affine-normalized",<=1 (--max-files 1)
CanESM5-1,hist-aer,False,data_DAT_CanESM5-1_hist-aer_*.h5,"CMIP6 ESGF (driving ESM) regridded 1deg->HEALPix nside64, affine-normalized",<=1 (--max-files 1)
CanESM5-CanOE,hist-aer,False,data_DAT_CanESM5-CanOE_hist-aer_*.h5,"CMIP6 ESGF (driving ESM) regridded 1deg->HEALPix nside64, affine-normalized",<=1 (--max-files 1)
CESM2,hist-aer,False,data_DAT_CESM2_hist-aer_*.h5,"CMIP6 ESGF (driving ESM) regridded 1deg->HEALPix nside64, affine-normalized",<=1 (--max-files 1)
CESM2-WACCM,hist-aer,False,data_DAT_CESM2-WACCM_hist-aer_*.h5,"CMIP6 ESGF (driving ESM) regridded 1deg->HEALPix nside64, affine-normalized",<=1 (--max-files 1)
EC-Earth3,hist-aer,False,data_DAT_EC-Earth3_hist-aer_*.h5,"CMIP6 ESGF (driving ESM) regridded 1deg->HEALPix nside64, affine-normalized",<=1 (--max-files 1)
EC-Earth3-CC,hist-aer,False,data_DAT_EC-Earth3-CC_hist-aer_*.h5,"CMIP6 ESGF (driving ESM) regridded 1deg->HEALPix nside64, affine-normalized",<=1 (--max-files 1)
EC-Earth3-Veg,hist-aer,False,data_DAT_EC-Earth3-Veg_hist-aer_*.h5,"CMIP6 ESGF (driving ESM) regridded 1deg->HEALPix nside64, affine-normalized",<=1 (--max-files 1)
EC-Earth3-Veg-LR,hist-aer,False,data_DAT_EC-Earth3-Veg-LR_hist-aer_*.h5,"CMIP6 ESGF (driving ESM) regridded 1deg->HEALPix nside64, affine-normalized",<=1 (--max-files 1)
FGOALS-g3,hist-aer,False,data_DAT_FGOALS-g3_hist-aer_*.h5,"CMIP6 ESGF (driving ESM) regridded 1deg->HEALPix nside64, affine-normalized",<=1 (--max-files 1)
GFDL-CM4,hist-aer,False,data_DAT_GFDL-CM4_hist-aer_*.h5,"CMIP6 ESGF (driving ESM) regridded 1deg->HEALPix nside64, affine-normalized",<=1 (--max-files 1)
GFDL-ESM4,hist-aer,False,data_DAT_GFDL-ESM4_hist-aer_*.h5,"CMIP6 ESGF (driving ESM) regridded 1deg->HEALPix nside64, affine-normalized",<=1 (--max-files 1)
GISS-E2-1-G,hist-aer,False,data_DAT_GISS-E2-1-G_hist-aer_*.h5,"CMIP6 ESGF (driving ESM) regridded 1deg->HEALPix nside64, affine-normalized",<=1 (--max-files 1)
GISS-E2-1-H,hist-aer,False,data_DAT_GISS-E2-1-H_hist-aer_*.h5,"CMIP6 ESGF (driving ESM) regridded 1deg->HEALPix nside64, affine-normalized",<=1 (--max-files 1)
GISS-E2-2-G,hist-aer,False,data_DAT_GISS-E2-2-G_hist-aer_*.h5,"CMIP6 ESGF (driving ESM) regridded 1deg->HEALPix nside64, affine-normalized",<=1 (--max-files 1)
HadGEM3-GC31-LL,hist-aer,False,data_DAT_HadGEM3-GC31-LL_hist-aer_*.h5,"CMIP6 ESGF (driving ESM) regridded 1deg->HEALPix nside64, affine-normalized",<=1 (--max-files 1)
HadGEM3-GC31-MM,hist-aer,False,data_DAT_HadGEM3-GC31-MM_hist-aer_*.h5,"CMIP6 ESGF (driving ESM) regridded 1deg->HEALPix nside64, affine-normalized",<=1 (--max-files 1)
INM-CM4-8,hist-aer,False,data_DAT_INM-CM4-8_hist-aer_*.h5,"CMIP6 ESGF (driving ESM) regridded 1deg->HEALPix nside64, affine-normalized",<=1 (--max-files 1)
INM-CM5-0,hist-aer,False,data_DAT_INM-CM5-0_hist-aer_*.h5,"CMIP6 ESGF (driving ESM) regridded 1deg->HEALPix nside64, affine-normalized",<=1 (--max-files 1)
IPSL-CM6A-LR,hist-aer,False,data_DAT_IPSL-CM6A-LR_hist-aer_*.h5,"CMIP6 ESGF (driving ESM) regridded 1deg->HEALPix nside64, affine-normalized",<=1 (--max-files 1)
MIROC-ES2L,hist-aer,False,data_DAT_MIROC-ES2L_hist-aer_*.h5,"CMIP6 ESGF (driving ESM) regridded 1deg->HEALPix nside64, affine-normalized",<=1 (--max-files 1)
MIROC6,hist-aer,False,data_DAT_MIROC6_hist-aer_*.h5,"CMIP6 ESGF (driving ESM) regridded 1deg->HEALPix nside64, affine-normalized",<=1 (--max-files 1)
UKESM1-0-LL,hist-aer,False,data_DAT_UKESM1-0-LL_hist-aer_*.h5,"CMIP6 ESGF (driving ESM) regridded 1deg->HEALPix nside64, affine-normalized",<=1 (--max-files 1)
ACCESS-CM2,hist-nat,False,data_DAT_ACCESS-CM2_hist-nat_*.h5,"CMIP6 ESGF (driving ESM) regridded 1deg->HEALPix nside64, affine-normalized",<=1 (--max-files 1)
ACCESS-ESM1-5,hist-nat,False,data_DAT_ACCESS-ESM1-5_hist-nat_*.h5,"CMIP6 ESGF (driving ESM) regridded 1deg->HEALPix nside64, affine-normalized",<=1 (--max-files 1)
CanESM5,hist-nat,False,data_DAT_CanESM5_hist-nat_*.h5,"CMIP6 ESGF (driving ESM) regridded 1deg->HEALPix nside64, affine-normalized",<=1 (--max-files 1)
CanESM5-1,hist-nat,False,data_DAT_CanESM5-1_hist-nat_*.h5,"CMIP6 ESGF (driving ESM) regridded 1deg->HEALPix nside64, affine-normalized",<=1 (--max-files 1)
CanESM5-CanOE,hist-nat,False,data_DAT_CanESM5-CanOE_hist-nat_*.h5,"CMIP6 ESGF (driving ESM) regridded 1deg->HEALPix nside64, affine-normalized",<=1 (--max-files 1)
CESM2,hist-nat,False,data_DAT_CESM2_hist-nat_*.h5,"CMIP6 ESGF (driving ESM) regridded 1deg->HEALPix nside64, affine-normalized",<=1 (--max-files 1)
CESM2-WACCM,hist-nat,False,data_DAT_CESM2-WACCM_hist-nat_*.h5,"CMIP6 ESGF (driving ESM) regridded 1deg->HEALPix nside64, affine-normalized",<=1 (--max-files 1)
EC-Earth3,hist-nat,False,data_DAT_EC-Earth3_hist-nat_*.h5,"CMIP6 ESGF (driving ESM) regridded 1deg->HEALPix nside64, affine-normalized",<=1 (--max-files 1)
EC-Earth3-CC,hist-nat,False,data_DAT_EC-Earth3-CC_hist-nat_*.h5,"CMIP6 ESGF (driving ESM) regridded 1deg->HEALPix nside64, affine-normalized",<=1 (--max-files 1)
EC-Earth3-Veg,hist-nat,False,data_DAT_EC-Earth3-Veg_hist-nat_*.h5,"CMIP6 ESGF (driving ESM) regridded 1deg->HEALPix nside64, affine-normalized",<=1 (--max-files 1)
EC-Earth3-Veg-LR,hist-nat,False,data_DAT_EC-Earth3-Veg-LR_hist-nat_*.h5,"CMIP6 ESGF (driving ESM) regridded 1deg->HEALPix nside64, affine-normalized",<=1 (--max-files 1)
FGOALS-g3,hist-nat,False,data_DAT_FGOALS-g3_hist-nat_*.h5,"CMIP6 ESGF (driving ESM) regridded 1deg->HEALPix nside64, affine-normalized",<=1 (--max-files 1)
GFDL-CM4,hist-nat,False,data_DAT_GFDL-CM4_hist-nat_*.h5,"CMIP6 ESGF (driving ESM) regridded 1deg->HEALPix nside64, affine-normalized",<=1 (--max-files 1)
GFDL-ESM4,hist-nat,False,data_DAT_GFDL-ESM4_hist-nat_*.h5,"CMIP6 ESGF (driving ESM) regridded 1deg->HEALPix nside64, affine-normalized",<=1 (--max-files 1)
GISS-E2-1-G,hist-nat,False,data_DAT_GISS-E2-1-G_hist-nat_*.h5,"CMIP6 ESGF (driving ESM) regridded 1deg->HEALPix nside64, affine-normalized",<=1 (--max-files 1)
GISS-E2-1-H,hist-nat,False,data_DAT_GISS-E2-1-H_hist-nat_*.h5,"CMIP6 ESGF (driving ESM) regridded 1deg->HEALPix nside64, affine-normalized",<=1 (--max-files 1)
GISS-E2-2-G,hist-nat,False,data_DAT_GISS-E2-2-G_hist-nat_*.h5,"CMIP6 ESGF (driving ESM) regridded 1deg->HEALPix nside64, affine-normalized",<=1 (--max-files 1)
HadGEM3-GC31-LL,hist-nat,False,data_DAT_HadGEM3-GC31-LL_hist-nat_*.h5,"CMIP6 ESGF (driving ESM) regridded 1deg->HEALPix nside64, affine-normalized",<=1 (--max-files 1)
HadGEM3-GC31-MM,hist-nat,False,data_DAT_HadGEM3-GC31-MM_hist-nat_*.h5,"CMIP6 ESGF (driving ESM) regridded 1deg->HEALPix nside64, affine-normalized",<=1 (--max-files 1)
INM-CM4-8,hist-nat,False,data_DAT_INM-CM4-8_hist-nat_*.h5,"CMIP6 ESGF (driving ESM) regridded 1deg->HEALPix nside64, affine-normalized",<=1 (--max-files 1)
INM-CM5-0,hist-nat,False,data_DAT_INM-CM5-0_hist-nat_*.h5,"CMIP6 ESGF (driving ESM) regridded 1deg->HEALPix nside64, affine-normalized",<=1 (--max-files 1)
IPSL-CM6A-LR,hist-nat,False,data_DAT_IPSL-CM6A-LR_hist-nat_*.h5,"CMIP6 ESGF (driving ESM) regridded 1deg->HEALPix nside64, affine-normalized",<=1 (--max-files 1)
MIROC-ES2L,hist-nat,False,data_DAT_MIROC-ES2L_hist-nat_*.h5,"CMIP6 ESGF (driving ESM) regridded 1deg->HEALPix nside64, affine-normalized",<=1 (--max-files 1)
MIROC6,hist-nat,False,data_DAT_MIROC6_hist-nat_*.h5,"CMIP6 ESGF (driving ESM) regridded 1deg->HEALPix nside64, affine-normalized",<=1 (--max-files 1)
UKESM1-0-LL,hist-nat,False,data_DAT_UKESM1-0-LL_hist-nat_*.h5,"CMIP6 ESGF (driving ESM) regridded 1deg->HEALPix nside64, affine-normalized",<=1 (--max-files 1)
ACCESS-CM2,abrupt-2xCO2,False,data_DAT_ACCESS-CM2_abrupt-2xCO2_*.h5,"CMIP6 ESGF (driving ESM) regridded 1deg->HEALPix nside64, affine-normalized",<=1 (--max-files 1)
ACCESS-ESM1-5,abrupt-2xCO2,False,data_DAT_ACCESS-ESM1-5_abrupt-2xCO2_*.h5,"CMIP6 ESGF (driving ESM) regridded 1deg->HEALPix nside64, affine-normalized",<=1 (--max-files 1)
CanESM5,abrupt-2xCO2,False,data_DAT_CanESM5_abrupt-2xCO2_*.h5,"CMIP6 ESGF (driving ESM) regridded 1deg->HEALPix nside64, affine-normalized",<=1 (--max-files 1)
CanESM5-1,abrupt-2xCO2,False,data_DAT_CanESM5-1_abrupt-2xCO2_*.h5,"CMIP6 ESGF (driving ESM) regridded 1deg->HEALPix nside64, affine-normalized",<=1 (--max-files 1)
CanESM5-CanOE,abrupt-2xCO2,False,data_DAT_CanESM5-CanOE_abrupt-2xCO2_*.h5,"CMIP6 ESGF (driving ESM) regridded 1deg->HEALPix nside64, affine-normalized",<=1 (--max-files 1)
CESM2,abrupt-2xCO2,False,data_DAT_CESM2_abrupt-2xCO2_*.h5,"CMIP6 ESGF (driving ESM) regridded 1deg->HEALPix nside64, affine-normalized",<=1 (--max-files 1)
CESM2-WACCM,abrupt-2xCO2,False,data_DAT_CESM2-WACCM_abrupt-2xCO2_*.h5,"CMIP6 ESGF (driving ESM) regridded 1deg->HEALPix nside64, affine-normalized",<=1 (--max-files 1)
EC-Earth3,abrupt-2xCO2,False,data_DAT_EC-Earth3_abrupt-2xCO2_*.h5,"CMIP6 ESGF (driving ESM) regridded 1deg->HEALPix nside64, affine-normalized",<=1 (--max-files 1)
EC-Earth3-CC,abrupt-2xCO2,False,data_DAT_EC-Earth3-CC_abrupt-2xCO2_*.h5,"CMIP6 ESGF (driving ESM) regridded 1deg->HEALPix nside64, affine-normalized",<=1 (--max-files 1)
EC-Earth3-Veg,abrupt-2xCO2,False,data_DAT_EC-Earth3-Veg_abrupt-2xCO2_*.h5,"CMIP6 ESGF (driving ESM) regridded 1deg->HEALPix nside64, affine-normalized",<=1 (--max-files 1)
EC-Earth3-Veg-LR,abrupt-2xCO2,False,data_DAT_EC-Earth3-Veg-LR_abrupt-2xCO2_*.h5,"CMIP6 ESGF (driving ESM) regridded 1deg->HEALPix nside64, affine-normalized",<=1 (--max-files 1)
FGOALS-g3,abrupt-2xCO2,False,data_DAT_FGOALS-g3_abrupt-2xCO2_*.h5,"CMIP6 ESGF (driving ESM) regridded 1deg->HEALPix nside64, affine-normalized",<=1 (--max-files 1)
GFDL-CM4,abrupt-2xCO2,False,data_DAT_GFDL-CM4_abrupt-2xCO2_*.h5,"CMIP6 ESGF (driving ESM) regridded 1deg->HEALPix nside64, affine-normalized",<=1 (--max-files 1)
GFDL-ESM4,abrupt-2xCO2,False,data_DAT_GFDL-ESM4_abrupt-2xCO2_*.h5,"CMIP6 ESGF (driving ESM) regridded 1deg->HEALPix nside64, affine-normalized",<=1 (--max-files 1)
GISS-E2-1-G,abrupt-2xCO2,False,data_DAT_GISS-E2-1-G_abrupt-2xCO2_*.h5,"CMIP6 ESGF (driving ESM) regridded 1deg->HEALPix nside64, affine-normalized",<=1 (--max-files 1)
GISS-E2-1-H,abrupt-2xCO2,False,data_DAT_GISS-E2-1-H_abrupt-2xCO2_*.h5,"CMIP6 ESGF (driving ESM) regridded 1deg->HEALPix nside64, affine-normalized",<=1 (--max-files 1)
GISS-E2-2-G,abrupt-2xCO2,False,data_DAT_GISS-E2-2-G_abrupt-2xCO2_*.h5,"CMIP6 ESGF (driving ESM) regridded 1deg->HEALPix nside64, affine-normalized",<=1 (--max-files 1)
HadGEM3-GC31-LL,abrupt-2xCO2,False,data_DAT_HadGEM3-GC31-LL_abrupt-2xCO2_*.h5,"CMIP6 ESGF (driving ESM) regridded 1deg->HEALPix nside64, affine-normalized",<=1 (--max-files 1)
HadGEM3-GC31-MM,abrupt-2xCO2,False,data_DAT_HadGEM3-GC31-MM_abrupt-2xCO2_*.h5,"CMIP6 ESGF (driving ESM) regridded 1deg->HEALPix nside64, affine-normalized",<=1 (--max-files 1)
INM-CM4-8,abrupt-2xCO2,False,data_DAT_INM-CM4-8_abrupt-2xCO2_*.h5,"CMIP6 ESGF (driving ESM) regridded 1deg->HEALPix nside64, affine-normalized",<=1 (--max-files 1)
INM-CM5-0,abrupt-2xCO2,False,data_DAT_INM-CM5-0_abrupt-2xCO2_*.h5,"CMIP6 ESGF (driving ESM) regridded 1deg->HEALPix nside64, affine-normalized",<=1 (--max-files 1)
IPSL-CM6A-LR,abrupt-2xCO2,False,data_DAT_IPSL-CM6A-LR_abrupt-2xCO2_*.h5,"CMIP6 ESGF (driving ESM) regridded 1deg->HEALPix nside64, affine-normalized",<=1 (--max-files 1)
MIROC-ES2L,abrupt-2xCO2,False,data_DAT_MIROC-ES2L_abrupt-2xCO2_*.h5,"CMIP6 ESGF (driving ESM) regridded 1deg->HEALPix nside64, affine-normalized",<=1 (--max-files 1)
MIROC6,abrupt-2xCO2,False,data_DAT_MIROC6_abrupt-2xCO2_*.h5,"CMIP6 ESGF (driving ESM) regridded 1deg->HEALPix nside64, affine-normalized",<=1 (--max-files 1)
UKESM1-0-LL,abrupt-2xCO2,False,data_DAT_UKESM1-0-LL_abrupt-2xCO2_*.h5,"CMIP6 ESGF (driving ESM) regridded 1deg->HEALPix nside64, affine-normalized",<=1 (--max-files 1)
